{"conservazioni":[{"value":"B","id":1},{"value":"MB","id":2},{"value":"qBB","id":3},{"value":"BB","id":4},{"value":"BB+","id":5},{"value":"qSPL","id":6},{"value":"SPL","id":7},{"value":"SPL+","id":8},{"value":"qFDC","id":9},{"value":"FDC","id":10},{"value":"FDC ecc","id":11}],"contorni":[{"value":"LISCIO","id":1},{"value":"RIGATO","id":2},{"value":"FERT FERT FERT","id":3},{"value":"1 ROSETTA","id":4},{"value":"2 ROSETTE","id":5},{"value":"RILIEVO","id":6},{"value":"ZIGRINATO","id":7}],"denominazioni":[{"value":"VALORE","id":1},{"value":"DONNA SU PRORA","id":2},{"value":"SPIGA","id":3},{"value":"IMPERO","id":4},{"value":"CINQUANTENARIO","id":5},{"value":"APE","id":6},{"value":"ESP MILANO","id":7},{"value":"DONNA LIBRATA","id":8},{"value":"ESAGONO","id":9},{"value":"AQUILA","id":10},{"value":"LEONI","id":11},{"value":"QUADRIGA LENTA","id":12},{"value":"QUADRIGA VELOCE","id":13},{"value":"BUONO","id":14},{"value":"AQUILOTTO","id":15},{"value":"FAMIGLIA","id":16},{"value":"ARATRICE","id":17},{"value":"BIGA","id":18},{"value":"FASCIO","id":19},{"value":"FASCETTO","id":20},{"value":"CAPPELLONE","id":21},{"value":"LITTORE","id":22},{"value":"VETTA D'ITALIA","id":23},{"value":"CARAVELLE","id":24}],"materiali":[{"value":"RAME","id":1},{"value":"RAME DORATO","id":2},{"value":"BRONZO","id":3},{"value":"NICHELIO","id":4},{"value":"ACMONITAL AM","id":5},{"value":"ACMONITAL M","id":6},{"value":"ORO","id":7},{"value":"ARGENTO","id":8},{"value":"MISTURA","id":9}],"rarita":[{"value":"C","id":1},{"value":"CC","id":2},{"value":"NC","id":3},{"value":"R1","id":4},{"value":"R2","id":5},{"value":"R3","id":6},{"value":"R4","id":7},{"value":"R5","id":8}],"segniZecche":[{"value":"M","id":1},{"value":"W","id":2},{"value":"N","id":3},{"value":"B","id":4},{"value":"H","id":5},{"value":"CM","id":6},{"value":"R","id":7},{"value":"B.","id":8},{"value":"R.","id":9},{"value":"F MONTE","id":10},{"value":"TB","id":11},{"value":"MBN","id":12},{"value":"NBN","id":13},{"value":"TBN","id":14},{"value":"NN","id":15},{"value":"FIRENZE","id":16},{"value":"BOLOGNA","id":17},{"value":"F SU TB","id":18},{"value":"p AQUILA","id":19},{"value":"V. AQUILA","id":20},{"value":"L. AQUILA","id":21},{"value":"F. AQUILA","id":22}],"sovranita":[{"value":"RE DI SARDEGNA","id":1},{"value":"RE ELETTO D'ITALIA","id":2},{"value":"RE D'ITALIA","id":3},{"value":"RE DELL'ALBANIA","id":4},{"value":"RE DELL'ERITREA","id":5},{"value":"RE DELLA SOMALIA","id":6}],"sovrani":[{"value":"VITTORIO EMANUELE I","id":1},{"value":"CARLO FELICE","id":2},{"value":"CARLO ALBERTO","id":3},{"value":"VITTORIO EMANUELE II","id":4},{"value":"UMBERTO PRIMO","id":5},{"value":"VITTORIO EMANUELE III","id":6}],"stati":[{"value":"ITALIA","id":1},{"value":"FRANCIA","id":2},{"value":"INGHILTERRA","id":3},{"value":"VENEZIA","id":4}],"nominali":[{"value":"1 CENT","id":1},{"value":"2 CENT","id":2},{"value":"5 CENT","id":3},{"value":"10 CENT","id":4},{"value":"20 CENT","id":5},{"value":"25 CENT","id":6},{"value":"50 CENT","id":7},{"value":"1 LIRA","id":8},{"value":"2 LIRE","id":9},{"value":"5 LIRE","id":10},{"value":"10 LIRE","id":11},{"value":"20 LIRE","id":12},{"value":"50 LIRE","id":13},{"value":"100 LIRE","id":14},{"value":"BUONO 1 LIRA","id":15},{"value":"BUONO 2 LIRE","id":16},{"value":"0,05 LEK","id":17},{"value":"0,10 LEK","id":18},{"value":"0,20 LEK","id":19},{"value":"0.50 LEK","id":20},{"value":"1 LEK","id":21},{"value":"2 LEK","id":22},{"value":"5 LEK","id":23},{"value":"6 LEK","id":24},{"value":"TAL ITA","id":25},{"value":"TAL PIU","id":26},{"value":"1 BESA","id":27},{"value":"2 BESE","id":28},{"value":"4 BESE","id":29},{"value":"1/4 RUPIA","id":30},{"value":"1/2 RUPIA","id":31},{"value":"1 RUPIA","id":32},{"value":"500 LIRE","id":33}],"zecche":[{"value":"ROMA","id":1},{"value":"MILANO","id":2},{"value":"TORINO","id":3},{"value":"NAPOLI","id":4},{"value":"GENOVA","id":5},{"value":"FIRENZE","id":6},{"value":"PARIGI","id":7},{"value":"STRASBURGO","id":8},{"value":"BIRMINGAM","id":9},{"value":"VENEZIA","id":10}],"pesi":[{"unit":"g","prefix":true,"id":1},{"unit":"oz","prefix":false,"id":2}],"lunghezze":[{"unit":"m","prefix":true,"id":1},{"unit":"in","prefix":false,"id":2},{"unit":"ft","prefix":false,"id":3}],"monete":[{"codice":"REP_ITA_500_001","ambito":"ITA_LIR","stato":"ITALIA","sovrano":null,"sovranita":null,"nominale":"500 LIRE","denominazione":"CARAVELLE","descrizione":"DRITTO:\nTre caravelle con la prua rivolta a destra e le punte delle bandiere verso la prua. Intorno REPVBBLICA ITALIANA. Sotto le caravelle indicazione del valore (L. 500). In basso segno di zecca (R).\n\nVERSO:\nBusto di donna in abiti rinascimentali. Lungo il bordo gli stemmi di diciannove tra regioni o capoluoghi di Regione (si intravedono altri stemmi coperti dal busto di donna e quindi inintellegibili). In basso indicazione dell'autore (GIAMPAOLI).","anno":"1964","segnoAnno":"1964","zecca":"ROMA","segnoZecca":"R","tiratura":4880000,"materiale":"ARGENTO","rarita":"CC","conservazione":"FDC ecc","diametro":"29 mm","peso":"11 g","contorno":"RILIEVO","valore":10,"immagine":"C:\\Users\\eugen\\AppData\\Roaming\\coin-collector\\images\\REP_ITA_500_001.png","fornitore":"Mario Rossi","dataAcquisto":"2001-12-31T23:00:00.000Z","prezzoAcquisto":10,"fattura":null,"perizia":false,"note":null,"id":8},{"codice":"REP_ITA_500_002","ambito":"ITA_LIR","stato":"ITALIA","sovrano":null,"sovranita":null,"nominale":"500 LIRE","denominazione":"CARAVELLE","descrizione":"Tre caravelle con la prua rivolta a destra e le punte delle bandiere verso la prua. Intorno REPVBBLICA ITALIANA. Sotto le caravelle indicazione del valore (L. 500). In basso segno di zecca (R)","anno":"1957","segnoAnno":"1957","zecca":"ROMA","segnoZecca":"R","tiratura":1004,"materiale":"ARGENTO","rarita":"R3","conservazione":"qFDC","diametro":"29 mm","peso":"11 g","contorno":"RILIEVO","valore":10000,"immagine":"C:\\Users\\eugen\\AppData\\Roaming\\coin-collector\\images\\REP_ITA_500_002.png","fornitore":"Bauco Calandrino","dataAcquisto":"2001-12-31T23:00:00.000Z","prezzoAcquisto":20,"fattura":null,"perizia":false,"note":"Versione con le bandiere rovesce, U al posto di V in REPUBBLICA e croci delle bandiere diverse.","id":9},{"codice":"REP_VEN_5_001","ambito":"REP_VEN","stato":"VENEZIA","sovrano":null,"sovranita":null,"nominale":"5 LIRE","denominazione":null,"descrizione":"DRITTO:\nIndicazione del valore (5 LIRE) su due righe circondato una corona di rami di quercia. Intorno ALLEANZA DEI POPOLI LIBERI, sotto separato da questa scritta da due stelle a 5 punte l'indicazione del millesimo (1848).\n\nVERSO:\nLeone di S. Marco posto su di un piedistallo che reca la scritta in incuso XI AGOSTO MDCCCXLVIII su due righe. Intorno INDIPENDENZA ITALIANA. In esergo VENEZIA e sotto il basamento del leone a destra indicazione dell'incisore A. FABRIS.","anno":"1848","segnoAnno":"1848","zecca":"VENEZIA","segnoZecca":"H","tiratura":6011,"materiale":"ARGENTO","rarita":"R2","conservazione":"FDC","diametro":"37 mm","peso":"25 g","contorno":"LISCIO","valore":500,"immagine":"C:\\Users\\eugen\\AppData\\Roaming\\coin-collector\\images\\REP_VEN_5_001.png","fornitore":"Valter Zigiotto","dataAcquisto":"2016-01-04T23:00:00.000Z","prezzoAcquisto":300,"fattura":null,"perizia":true,"note":null,"id":7},{"codice":"VE3_RIT_05_001","ambito":"VE3_RIT","stato":"ITALIA","sovrano":"VITTORIO EMANUELE III","sovranita":"RE D'ITALIA","nominale":"5 CENT","denominazione":"SPIGA","descrizione":"DRITTO:\nTesta del Re a sinistra. Intorno VITTORIO EMANVELE III RE D'ITALIA. Sotto il collo il nome dell'incisore (A • MOTTI).\n\nVERSO: \nSpiga di grano con foglia a sinistra e valore (C • 5) intorno. A destra del fusto della spiga in basso segno di zecca, sempre a destra sotto il 5 del valore il millesimo.","anno":"1919","segnoAnno":"1919","zecca":"ROMA","segnoZecca":"R","tiratura":13208000,"materiale":"RAME","rarita":"NC","conservazione":"FDC ecc","diametro":"19.5 mm","peso":"3.25 g","contorno":"LISCIO","valore":300,"immagine":"C:\\Users\\eugen\\AppData\\Roaming\\coin-collector\\images\\VE3_RIT_05_001.png","fornitore":"Vittore Amedeo","dataAcquisto":"2016-01-02T23:00:00.000Z","prezzoAcquisto":320,"fattura":null,"perizia":true,"note":null,"id":2},{"codice":"VE3_RIT_20_001","ambito":"VE3_RIT","stato":"ITALIA","sovrano":"VITTORIO EMANUELE III","sovranita":"RE D'ITALIA","nominale":"20 LIRE","denominazione":"LITTORE","descrizione":"DRITTO:\nTesta del Re volta a destra contornata dalla scritta • VITTORIO • EMANUELE • III • RE\n\nVERSO:\nFigura maschile nuda recante un fascio, che saluta romanamente una figura femminile (allegoria dell'Italia) seduta che reca una fiaccola con la mano destra e appoggia la sinistra ad uno scudo con lo stemma Sabaudo. In esergo l'indicazione del valore (L. 20) e a destra su due righe il nome dell'autore (G. ROMAGNOLI) e dell'incisore (A. MOTTI INC.). A destra della figura femminile su due righe l'anno e il segno di zecca (R); in corrispondenza a sinistra l'anno dell'Era Fascista. In alto la scritta ITALIA.","anno":"1928","segnoAnno":"1928","zecca":"ROMA","segnoZecca":"R","tiratura":2486898,"materiale":"ARGENTO","rarita":"C","conservazione":"qFDC","diametro":"35.5 mm","peso":"15 g","contorno":"RIGATO","valore":390,"immagine":"C:\\Users\\eugen\\AppData\\Roaming\\coin-collector\\images\\VITT_EM_III_20_LIRE.png","fornitore":"Vittore Amedeo","dataAcquisto":"2016-02-01T23:00:00.000Z","prezzoAcquisto":350,"fattura":"C:\\Users\\eugen\\AppData\\Roaming\\coin-collector\\invoices\\VE3_RIT_20_001.pdf","perizia":true,"note":"Leggero graffio sul verso","id":1},{"codice":"VE3_RIT_20_002","ambito":"VE3_RIT","stato":"ITALIA","sovrano":"VITTORIO EMANUELE III","sovranita":"RE D'ITALIA","nominale":"20 LIRE","denominazione":"QUADRIGA LENTA","descrizione":"DRITTO:\nVITTORIO • EMANUELE • III • RE • D'ITALIA • E • IMPERATORE •\nTesta nuda del Re a sinistra\n\nVERSO:\nFigura allegorica femminile simboleggiante l'Italia che porta con la destra la Vittoria e cinge con la sinistra un fascio su di un carro trainato da quattro cavalli con incedere lento verso destra. A sinistra millesimo e anno dell'Era Fascista su due righe. In esergo scudo crociato sabaudo ornato da fasci nel valore (L • 20). Sotto la base della quadriga a sinistra il nome dell'autore (G • ROMAGNOLI) a destra segno di zecca (R).","anno":"1936","segnoAnno":"1936","zecca":"ROMA","segnoZecca":"R","tiratura":10000,"materiale":"ARGENTO","rarita":"R1","conservazione":"qFDC","diametro":"35.5 mm","peso":"20 g","contorno":"RIGATO","valore":1600,"immagine":"C:\\Users\\eugen\\AppData\\Roaming\\coin-collector\\images\\VE3_RIT_20_002.png","fornitore":"Vittore Amedeo","dataAcquisto":"1996-06-10T22:00:00.000Z","prezzoAcquisto":1500,"fattura":null,"perizia":true,"note":null,"id":4},{"codice":"VE3_RIT_20_003","ambito":"VE3_RIT","stato":"ITALIA","sovrano":"VITTORIO EMANUELE III","sovranita":"RE D'ITALIA","nominale":"20 LIRE","denominazione":"CAPPELLONE","descrizione":"DRITTO:\nTesta del Re volta a sinistra con elmetto, contornato a sinistra da: VITT • EM • III • RE • Sul bordo a destra dietro il collo del Re i nomi dell'incisore (A • MOTTI • INC •) e dell'autore (G • ROMAGNOLI •)\n\nVERSO:\nParticolare di un fascio littorio con parte della scure sormontata da testa leonina. Sulla scure il motto su sette righe: MEGLIO • VIVERE • UN GIORNO • DA • LEONE • CHE • CENTO • ANNI • DA • PECO-RA  • Alla sinistra del corpo del fascio littorio su 3 righe l'indicazione del valore e il segno di zecca (L • 20 R).\nSulle legature del fascio l'indicazione della data di coniazione su due righe (MCMXXVII e A • VI) e della data di commemorazione (MCMXVIII).","anno":"1928","segnoAnno":"MCMXXVIII","zecca":"ROMA","segnoZecca":"R","tiratura":3536250,"materiale":"ARGENTO","rarita":"C","conservazione":"FDC","diametro":"35.5 mm","peso":"20 g","contorno":"RIGATO","valore":900,"immagine":"C:\\Users\\eugen\\AppData\\Roaming\\coin-collector\\images\\VE3_RIT_20_003.png","fornitore":"Mario Rossi","dataAcquisto":"2012-12-20T23:00:00.000Z","prezzoAcquisto":892,"fattura":null,"perizia":true,"note":"Mussolini merda","id":5},{"codice":"VE3_RIT_20_004","ambito":"VE3_RIT","stato":"ITALIA","sovrano":"VITTORIO EMANUELE III","sovranita":"RE D'ITALIA","nominale":"20 LIRE","denominazione":"AQUILA","descrizione":"DRITTO:\nTesta del Re volto a sinistra contornato dalla scritta: VITTORIO EMANUELE III. Sotto il collo del Re, il nome dell'incisore SPERANZA.\n\nVERSO:\nAquila araldica con stemma di casa Savoia. Lungo il bordo nella parte superiore REGNO D'ITALIA, nella parte inferiore, separata da due nodi savoia, l'indicazione del valore (L. 20), il segno di zecca (R) tra due stelle a 5 punte e il millesimo.","anno":"1902","segnoAnno":"1902","zecca":"ROMA","segnoZecca":"R","tiratura":296,"materiale":"ORO","rarita":"R3","conservazione":"SPL+","diametro":"21 mm","peso":"5.415 g","contorno":"RIGATO","valore":30000,"immagine":"C:\\Users\\eugen\\AppData\\Roaming\\coin-collector\\images\\VE3_RIT_20_004.png","fornitore":"Mario Rossi","dataAcquisto":"2019-04-22T22:00:00.000Z","prezzoAcquisto":29999,"fattura":null,"perizia":true,"note":"Regalo di compleanno","id":6},{"codice":"VE3_RIT_5_001","ambito":"VE3_RIT","stato":"ITALIA","sovrano":"VITTORIO EMANUELE III","sovranita":"RE D'ITALIA","nominale":"5 LIRE","denominazione":"AQUILOTTO","descrizione":"DRITTO:\nAquila ad ali leggermente spiegate che ghermisce un fascio orizzontale. In esergo indicazione del valore (L • 5) a sinistra dell'aquila su due righe millesimo e segno di zecca (R).\n\nVERSO:\ntesta del Re volta a sinistra intorno VITTORIO • EMANUELE • II • RE • D'ITALIA • Sotto i nomi dell'incisore (A • MOTTI INC.) e dell'autore (G • ROMAGNOLI) sovrastati da •.","anno":"1927","segnoAnno":"1927","zecca":"ROMA","segnoZecca":"R","tiratura":92887460,"materiale":"ARGENTO","rarita":"C","conservazione":"qFDC","diametro":"23 mm","peso":"835 g","contorno":"FERT FERT FERT","valore":25,"immagine":"C:\\Users\\eugen\\AppData\\Roaming\\coin-collector\\images\\VE3_RIT_5_001.png","fornitore":"Luca De Luca","dataAcquisto":"1968-03-06T23:00:00.000Z","prezzoAcquisto":40,"fattura":null,"perizia":false,"note":null,"id":3}]}